Date,ITSA4,SULA11,SAPR11,ALUP11,NEOE3,PNVL3,BBSE3,CPLE6,RBRP11,VRTA11,HSML11,IPCA2030,Selic2027
2020-12-17,11.418540954589844,42.02987289428711,25.084680557250977,26.146728515625,16.58544158935547,20.72697639465332,29.04267883300781,5.778967380523682,93.08999633789062,109.70999908447266,93.8000030517578,4324.229,913.74
2020-12-18,11.31091022491455,41.55076217651367,25.553821563720703,25.82715606689453,16.918519973754883,20.796464920043945,28.40923118591309,5.777356624603272,93.1999969482422,111.0500030517578,94.0,4261.33,913.104
2020-12-21,11.13478946685791,41.06226348876953,25.70701026916504,25.66252899169922,16.59523582458496,20.5284423828125,27.804574966430664,5.765275478363037,92.73999786376952,111.98999786376952,93.69000244140624,4302.937,913.002
2020-12-22,11.154356956481934,40.291934967041016,25.6878604888916,25.391376495361328,16.62462615966797,20.4986629486084,27.9869327545166,5.825682640075684,93.0,112.3499984741211,94.43000030517578,4278.076,915.107
2020-12-23,11.418540954589844,40.47042846679688,26.51125144958496,25.57537269592285,16.830350875854492,21.044633865356445,27.95813751220703,6.001266479492188,93.95999908447266,112.80999755859376,94.80999755859376,4300.726,915.62
2020-12-28,11.545738220214844,40.63952255249024,26.83677864074707,25.720632553100582,17.08506202697754,21.20346069335937,28.53400039672852,6.141411304473877,93.0,115.6999969482422,92.95999908447266,4311.296,916.643
2020-12-29,11.61423110961914,42.07684326171875,26.55912208557129,25.79810333251953,17.104652404785156,21.640235900878903,28.850725173950195,6.108681678771973,93.4000015258789,116.87999725341795,93.18000030517578,4330.889,916.8
2020-12-30,11.477246284484863,41.42863845825195,25.055957794189453,25.99178504943848,17.261398315429688,21.640235900878903,28.438024520874023,6.2917070388793945,95.0,117.5,94.29000091552734,4321.75,917.309
2021-01-04,11.301125526428224,40.14162826538086,24.68348693847656,25.79810333251953,17.398548126220703,21.06449508666992,28.207677841186523,6.183403015136719,94.83999633789062,116.1999969482422,94.31999969482422,4364.397,919.026
2021-01-05,11.21306610107422,40.01010894775391,23.707853317260746,25.66252899169922,17.49651336669922,21.05451774597168,27.679805755615234,6.090211391448975,94.8000030517578,115.25,94.5,4300.965,919.706
2021-01-06,11.43810749053955,39.16462707519531,23.41516494750977,25.45916557312012,17.418140411376953,20.844968795776367,27.22871208190918,6.097767353057861,94.51000213623048,115.16000366210938,94.7300033569336,4320.65,915.501
2021-01-07,11.897982597351074,38.70972442626953,23.12247657775879,25.033071517944336,17.09049415588379,20.50570106506348,27.804574966430664,5.939089298248291,94.9000015258789,115.18000030517578,95.9000015258789,4245.531,914.969
2021-01-08,11.86862850189209,40.29394912719727,22.995643615722656,25.63347625732422,17.884017944335938,20.755163192749023,28.66836929321289,6.155697345733643,93.1500015258789,115.70999908447266,95.9000015258789,4233.638,912.716
2021-01-11,11.594661712646484,39.99219131469727,23.04442596435547,25.342958450317383,17.626123428344727,20.93477439880371,28.07331085205078,5.819031715393066,92.0999984741211,115.58000183105467,96.91999816894533,4178.951,911.058
2021-01-12,11.682721138000488,40.00162124633789,22.84929847717285,25.284854888916016,17.735231399536133,21.124366760253903,28.25566864013672,5.6309685707092285,91.9000015258789,115.51000213623048,95.9499969482422,4253.699,908.451
2021-01-13,11.565306663513184,40.218509674072266,22.937105178833008,25.87557601928711,18.211345672607425,21.1543025970459,28.39003562927246,5.490761280059815,93.19000244140624,115.98999786376952,96.06999969482422,4241.847,909.593
2021-01-14,11.819704055786133,40.39767837524414,23.259063720703125,26.24356842041016,18.429563522338867,21.91266250610352,28.77394294738769,5.629289627075195,94.6999969482422,115.0500030517578,95.9000015258789,4220.294,908.301
2021-01-15,11.359832763671877,39.765872955322266,23.239551544189453,26.698713302612305,18.647783279418945,22.710939407348636,28.169288635253903,5.541974067687988,95.0,114.19000244140624,95.86000061035156,4242.914,908.47
2021-01-18,11.379402160644531,39.35095977783203,23.12247657775879,26.37914276123047,18.320453643798828,22.94044303894043,27.881357192993164,5.479007720947266,95.29000091552734,114.19000244140624,96.6999969482422,4243.447,907.833
2021-01-19,11.203279495239258,38.756874084472656,22.820030212402344,26.040203094482425,18.171669006347656,22.45149803161621,27.67020606994629,5.456338882446289,95.5999984741211,114.6500015258789,97.13999938964844,4203.487,908.646
2021-01-20,11.027158737182615,38.56827545166016,22.185869216918945,25.68189811706543,17.96337127685547,22.21201705932617,27.497447967529297,5.468093395233154,95.9499969482422,115.0,97.95999908447266,4200.968,908.334
2021-01-21,10.802114486694336,38.22880172729492,21.580978393554688,25.246118545532227,17.764989852905273,21.962554931640625,27.631816864013672,5.564642906188965,97.0,114.62000274658205,97.9000015258789,4189.328,909.145
2021-01-22,10.645563125610352,37.7667350769043,21.13218688964844,24.64571189880371,17.477338790893555,21.5833740234375,27.276700973510746,5.483205318450928,97.0,114.0,97.0999984741211,4165.671,906.919
2021-01-26,10.411067008972168,37.8044548034668,21.063892364501957,24.21961784362793,17.209524154663086,21.902685165405277,27.305496215820312,5.344676494598389,97.0,113.9800033569336,96.9800033569336,4272.94,908.377
2021-01-27,10.34244441986084,38.02134323120117,21.473657608032227,24.92654609680176,17.23927879333496,21.29399871826172,26.873598098754883,5.448782444000244,97.0199966430664,114.0,96.80999755859376,4188.446,908.866
2021-01-28,10.75418186187744,38.681434631347656,21.502927780151367,25.17832946777344,18.052642822265625,21.45365524291992,27.094343185424805,5.554568290710449,97.5999984741211,115.0,97.66999816894533,4244.647,909.355
2021-01-29,10.401264190673828,38.1816520690918,21.54195213317871,24.781288146972656,17.92369270324707,21.42371940612793,26.54727554321289,5.480686187744141,97.6999969482422,115.83000183105467,97.8000030517578,4321.22,912.707
2021-02-01,10.577722549438477,37.31410217285156,21.2395076751709,24.800655364990234,18.042722702026367,21.443675994873047,26.92158508300781,5.490761280059815,97.33000183105467,114.73999786376952,96.77999877929688,4258.018,913.67
2021-02-02,10.597331047058104,37.11607360839844,21.68829727172852,25.17832946777344,18.627944946289062,21.45365524291992,27.151931762695312,5.557926654815674,98.0,114.88999938964844,96.0,4277.081,912.401
2021-02-03,10.607132911682127,38.16279220581055,21.59073257446289,25.07180595397949,18.84616470336914,21.643245697021484,27.209516525268555,5.543653964996338,97.16000366210938,114.8000030517578,96.06999969482422,4286.908,913.52
2021-02-04,10.607132911682127,37.32353210449219,21.268774032592773,24.72318458557129,18.866003036499023,20.994647979736328,27.142333984375,5.653636932373047,97.01000213623048,115.1999969482422,95.88999938964844,4262.69,915.593
2021-02-05,10.548314094543455,37.82331466674805,21.756589889526367,24.91686248779297,18.707298278808597,21.13434410095215,27.372678756713867,5.703171253204346,98.19000244140624,115.61000061035156,96.0199966430664,4263.221,913.216
2021-02-08,10.391461372375488,37.52156066894531,21.395606994628903,24.82002258300781,18.76681137084961,20.93477439880371,26.959976196289062,5.692256927490234,97.83000183105467,115.52999877929688,96.30999755859376,4220.042,911.806
2021-02-09,10.479691505432127,36.77659606933594,21.99074363708496,24.8297061920166,18.548593521118164,20.944753646850582,27.430265426635746,5.616695880889893,97.9000015258789,114.8000030517578,96.16000366210938,4205.387,912.289
2021-02-10,10.411067008972168,36.07878494262695,21.43463134765625,24.7135009765625,19.02470588684082,20.545616149902344,27.564632415771484,5.566321849822998,97.4000015258789,114.8000030517578,95.5999984741211,4218.054,912.928
2021-02-11,10.430675506591797,36.1730842590332,21.639514923095703,24.73286819458008,18.697378158569336,20.695293426513672,27.487850189208984,5.639364242553711,97.0999984741211,114.8000030517578,95.72000122070312,4218.583,913.88
2021-02-12,10.391461372375488,35.6827278137207,21.33707046508789,24.490768432617188,18.56842994689941,20.43585205078125,27.337665557861328,5.531899929046631,96.97000122070312,114.9800033569336,96.2300033569336,4216.077,912.793
2021-02-18,10.146379470825195,35.38097381591797,20.78095817565918,24.326141357421875,17.96337127685547,19.87705993652344,26.99606704711914,5.296821594238281,95.81999969482422,114.98999786376952,95.61000061035156,4102.433,910.178
2021-02-19,10.048347473144531,34.90947723388672,20.458999633789062,24.326141357421875,17.675718307495117,19.51783561706543,27.00582695007324,5.311094284057617,96.0,114.25,95.1500015258789,4093.918,910.352
2021-02-22,9.587594032287598,34.654869079589844,20.380949020385746,24.11309242248535,17.328550338745117,19.09874153137207,25.94198989868164,5.049149036407471,95.0,114.2300033569336,94.0,4067.499,909.447
2021-02-23,10.313034057617188,34.079647064208984,20.26387405395508,23.82257461547852,17.457500457763672,19.25839614868164,26.18598937988281,5.133105754852295,95.27999877929688,116.0,93.8499984741211,4098.233,907.171
2021-02-24,10.215001106262209,34.305965423583984,20.195581436157227,23.880678176879883,17.16984748840332,19.23844146728516,25.902950286865234,5.163330554962158,91.1999969482422,116.81999969482422,92.95999908447266,4059.648,908.726
2021-02-25,9.911100387573242,32.92919921875,19.746789932250977,23.47395133972168,16.743328094482422,19.078784942626957,25.327112197875977,5.047470569610596,92.0199966430664,116.8000030517578,92.68000030517578,4057.613,908.14
2021-02-26,9.754250526428224,31.165807723999023,19.258974075317383,22.844491958618164,16.217620849609375,18.75947380065918,24.81959342956543,4.918177127838135,93.0500030517578,115.41000366210938,92.0199966430664,4007.743,905.436
2021-03-01,9.449735641479492,31.06207847595215,19.05409240722656,22.747652053833008,15.582801818847656,18.57986259460449,24.20471572875977,4.95259952545166,92.3000030517578,114.75,90.19000244140624,4032.226,905.318
2021-03-02,9.724780082702637,31.13751983642578,19.26873016357422,22.43776512145996,15.86053466796875,18.330402374267575,24.194957733154297,5.0785346031188965,91.2300033569336,113.91000366210938,89.62000274658203,3976.946,901.454
2021-03-03,9.813186645507812,30.72260284423828,19.47361183166504,22.379663467407227,16.088672637939453,18.25057411193848,24.029037475585938,5.038234710693359,91.3000030517578,113.0199966430664,89.37999725341797,4015.834,901.342
2021-03-04,10.029293060302734,30.496286392211918,19.95167350769043,22.9606990814209,16.842517852783203,18.90915298461914,23.91191673278809,5.276671886444092,90.8000030517578,114.0,89.33000183105469,4030.464,901.237
2021-03-05,10.18646240234375,31.646732330322266,19.67849540710449,23.357744216918945,16.574705123901367,18.90915298461914,24.546314239501957,5.130587100982666,91.1999969482422,114.8000030517578,90.08000183105467,4084.252,904.556
2021-03-08,9.783717155456545,30.062509536743164,19.307756423950195,22.883228302001957,15.939887046813965,18.17074584960937,23.794795989990234,4.99961519241333,90.0999984741211,114.79000091552734,89.97000122070312,4043.323,906.835
2021-03-09,9.872125625610352,29.67588424682617,19.22970390319824,22.70891761779785,15.721668243408203,17.69178009033203,23.092079162597656,4.967711448669434,89.51000213623047,114.91999816894533,89.94999694824219,4046.816,902.977
2021-03-10,10.143122673034668,30.043649673461918,19.727275848388672,23.028488159179688,15.939887046813965,18.160768508911133,23.5703182220459,5.175084590911865,89.9000015258789,114.16999816894533,89.30000305175781,4092.307,902.414
2021-03-11,10.113608360290527,30.10965919494629,20.410219192504883,23.30932235717773,16.1481876373291,18.200681686401367,23.78503799438477,5.151576519012451,91.0,114.0,88.8499984741211,4047.914,901.903
2021-03-12,10.034904479980469,30.07193946838379,20.371192932128903,23.06722450256348,16.267215728759766,18.56988525390625,23.375120162963867,5.2892656326293945,91.5,113.77999877929688,88.75,4048.463,900.484
2021-03-15,10.06441593170166,30.83576202392578,20.771203994750977,23.47395133972168,16.396163940429688,18.110876083374023,23.51175880432129,5.675466060638428,89.54000091552734,114.20999908447266,88.29000091552734,4061.412,899.367
2021-03-16,9.916844367980955,30.75089263916016,20.488269805908203,23.33837509155273,16.16802406311035,18.13083267211914,23.34583854675293,5.776213645935059,89.0999984741211,114.20999908447266,88.0,4159.585,899.273
2021-03-17,10.202153205871582,33.44784164428711,21.161457061767575,23.72573471069336,16.416000366210938,18.07096290588379,23.628877639770508,5.860169887542725,89.08999633789062,113.0199966430664,86.0,4160.164,898.617
2021-03-18,10.300533294677734,34.305965423583984,21.3663387298584,23.551422119140625,16.32672882080078,18.430185317993164,23.716716766357425,5.834982872009277,88.9000015258789,113.0500030517578,86.19000244140625,4139.741,898.385
2021-03-19,10.271018028259276,37.04063415527344,21.795616149902344,24.084041595458984,16.505271911621094,19.05882835388184,23.91191673278809,5.868565559387207,91.0500030517578,114.1999969482422,86.44000244140625,4086.961,896.574
2021-03-22,10.349723815917969,37.07835388183594,21.268774032592773,23.82257461547852,16.445756912231445,18.899173736572266,23.833837509155277,5.960917949676514,92.44000244140624,113.66999816894533,86.30000305175781,4072.907,896.78
2021-03-23,10.093932151794434,37.21980285644531,21.40536499023437,24.122777938842773,16.346567153930664,19.298311233520508,23.69719886779785,5.944126605987549,90.88999938964844,113.9800033569336,86.06999969482422,3914.633,895.986
2021-03-24,9.88733196258545,35.81474685668945,21.317556381225582,23.832258224487305,16.16802406311035,18.8592586517334,23.1701602935791,5.725840091705322,90.0,114.91999816894533,85.87999725341797,4039.248,894.062
2021-03-25,10.093932151794434,34.73973846435547,21.863910675048828,24.20024871826172,16.38624382019043,19.18854713439941,23.27751922607422,5.767817497253418,90.6999969482422,114.91999816894533,85.66000366210938,3910.241,891.171
2021-03-26,10.211302757263184,34.36254119873047,21.561464309692383,24.500452041625977,16.574705123901367,18.779430389404297,23.384878158569336,5.860169887542725,90.9000015258789,114.91999816894533,86.02999877929688,3968.309,894.062
2021-03-29,10.171876907348633,33.315826416015625,21.40536499023437,24.67476272583008,16.366405487060547,18.47010040283203,23.49223899841309,5.927335262298584,91.98999786376952,115.0,86.16000366210938,3946.263,894.134
2021-03-30,10.319724082946776,35.15999984741211,21.659029006958008,24.73286819458008,16.574705123901367,18.75947380065918,24.18519592285156,5.935731410980225,91.47000122070312,115.13999938964844,87.19999694824219,3955.346,893.645
2021-03-31,10.171876907348633,34.16999816894531,21.46390151977539,24.839391708374023,16.51519012451172,19.19852638244629,23.667917251586918,5.986104965209961,91.95999908447266,115.0,87.80000305175781,3953.13,894.982
2021-04-01,9.955035209655762,33.38999938964844,21.64927291870117,24.7135009765625,16.16802406311035,19.15861320495605,23.34583854675293,5.811344623565674,91.1999969482422,113.3499984741211,87.33999633789062,3918.86,896.318
2021-04-05,10.083168983459473,33.4900016784668,21.21023750305176,25.40106201171875,16.366405487060547,19.41805076599121,23.49223899841309,5.765657901763916,92.23999786376952,114.06999969482422,87.54000091552734,3894.398,895.828
2021-04-06,9.984603881835938,34.91999816894531,21.112672805786133,25.32358932495117,16.316810607910156,19.378137588500977,23.48247718811035,5.774795055389404,92.4499969482422,114.26000213623048,87.4000015258789,3906.122,895.9
2021-04-07,9.97474765777588,34.77000045776367,20.878522872924805,25.226749420166016,16.078752517700195,19.30828857421875,23.46295928955078,5.774795055389404,91.97000122070312,113.98999786376952,87.48999786376953,3938.696,895.276
2021-04-08,9.945178031921388,34.27000045776367,20.615100860595703,25.45916557312012,16.098590850830078,19.20850372314453,23.384878158569336,5.738245964050293,91.9000015258789,113.0199966430664,88.19999694824219,3973.135,893.963
2021-04-09,9.895895957946776,34.18000030517578,20.732177734375,25.720632553100582,16.048995971679688,18.8592586517334,23.316558837890625,5.71083402633667,90.0999984741211,114.4000015258789,88.08000183105469,3951.156,895.843
2021-04-12,10.063456535339355,33.7599983215332,20.644371032714844,25.594741821289062,15.959725379943848,18.949064254760746,23.5605583190918,5.646872043609619,89.83999633789062,114.0999984741211,87.16999816894531,3937.748,896.196
2021-04-13,10.043742179870604,33.7599983215332,20.595590591430664,24.96528434753418,16.009319305419922,18.949064254760746,23.248239517211918,5.692559242248535,88.5999984741211,114.12999725341795,87.0,3862.317,896.548
2021-04-14,10.112738609313965,32.599998474121094,20.26387405395508,24.69413185119629,15.820858001708984,19.008935928344727,23.209199905395508,5.756520748138428,88.27999877929688,114.0999984741211,86.94000244140625,4035.028,894.694
2021-04-15,10.112738609313965,31.959999084472656,20.31265640258789,24.91686248779297,15.86053466796875,18.96902275085449,23.082319259643555,5.86616849899292,88.08000183105469,114.1999969482422,86.95999908447266,4037.376,896.425
2021-04-16,10.152164459228516,32.279998779296875,20.78095817565918,24.810340881347656,16.505271911621094,19.04884910583496,23.160398483276367,5.97581672668457,88.66999816894531,114.4000015258789,86.93000030517578,3880.636,898.155
2021-04-19,10.05359935760498,32.5,20.6053466796875,24.64571189880371,16.51519012451172,19.108720779418945,22.721200942993164,6.021503448486328,88.43000030517578,114.5,87.0,3895.018,899.194
2021-04-20,10.07331371307373,32.650001525878906,21.298044204711918,24.69413185119629,16.406082153320312,19.298311233520508,22.770000457763672,6.085464477539063,88.19999694824219,114.9000015258789,87.12999725341797,4045.049,900.508
2021-04-22,10.07331371307373,32.130001068115234,20.907791137695312,25.85620880126953,16.237459182739258,19.51783561706543,22.65287971496582,5.902717590332031,88.25,115.0,87.18000030517578,3910.063,899.204
2021-04-23,10.171876907348633,33.2400016784668,21.093162536621094,25.82715606689453,16.51519012451172,19.607641220092773,22.838319778442383,5.939267635345459,88.23999786376953,115.37000274658205,87.0999984741211,4098.193,901.614
2021-04-26,10.122596740722656,33.400001525878906,20.89803504943848,25.9143123626709,16.43583869934082,19.61762046813965,22.63336181640625,5.920992374420166,87.52999877929688,115.0,87.86000061035156,3971.32,902.372
2021-04-27,9.905752182006836,32.650001525878906,20.3419246673584,25.739999771118164,16.27713394165039,19.607641220092773,21.852563858032227,5.911855220794678,87.51000213623047,115.30999755859376,87.75,3939.678,902.991
2021-04-28,10.272510528564451,32.90999984741211,20.566320419311523,25.8700008392334,16.376325607299805,19.61762046813965,21.93064308166504,5.820481777191162,87.0,114.5,87.8499984741211,3986.628,902.512
2021-04-29,10.03545379638672,33.38999938964844,20.91754913330078,26.799999237060547,16.12834930419922,19.717405319213867,22.20392227172852,5.82961893081665,88.45999908447266,115.2699966430664,88.69000244140625,3990.053,902.993
2021-04-30,9.957563400268556,32.560001373291016,20.829740524291992,26.63999938964844,15.870453834533691,19.717405319213867,21.794004440307617,5.792192935943604,88.3499984741211,115.69000244140624,89.8499984741211,3954.143,903.337
2021-05-03,10.0862398147583,33.150001525878906,20.410219192504883,26.989999771118164,16.187862396240234,18.96902275085449,21.735445022583008,5.671907901763916,88.69999694824219,114.44000244140624,90.1999969482422,3957.551,902.046
2021-05-04,9.818988800048828,32.91999816894531,20.01996612548828,26.670000076293945,15.810938835144045,19.05882835388184,21.45240592956543,5.55162239074707,89.05000305175781,113.11000061035156,90.48999786376952,3928.789,900.225
2021-05-05,10.106036186218262,33.95000076293945,19.961427688598636,26.989999771118164,15.890292167663574,19.18854713439941,21.82328414916992,5.579380989074707,89.76000213623047,113.88999938964844,90.9499969482422,3930.996,898.824
2021-05-06,10.096138954162598,33.83000183105469,19.805326461791992,26.90999984741211,16.12834930419922,18.9390869140625,22.145362854003903,5.533117294311523,90.0999984741211,113.5,91.1500015258789,3896.938,899.981
2021-05-07,10.234712600708008,34.59000015258789,20.137041091918945,27.040000915527344,16.614381790161133,19.218482971191406,22.447921752929688,5.570127964019775,91.0,112.8000030517578,91.08999633789062,4090.085,899.392
2021-05-10,10.343592643737791,33.90999984741211,20.04923439025879,26.770000457763672,16.614381790161133,18.73951911926269,22.242963790893555,5.505358695983887,89.5,113.33999633789062,90.6999969482422,3914.654,898.409
2021-05-11,10.343592643737791,34.58000183105469,19.883377075195312,26.65999984741211,16.67389488220215,18.380294799804688,22.82855987548828,5.542369842529297,89.5,113.0,90.80999755859376,3923.535,898.229
2021-05-12,10.145628929138184,33.0,19.29800033569336,26.43000030517578,16.46559715270996,18.300466537475582,22.46744155883789,5.338810443878174,90.3000030517578,112.6999969482422,90.3000030517578,3947.958,900.177
2021-05-13,10.323796272277832,33.06999969482422,19.610200881958008,26.86000061035156,16.82267951965332,18.090917587280277,22.80904197692871,5.366568565368652,90.0,112.8000030517578,90.27999877929688,3908.254,898.67
2021-05-14,10.531658172607422,33.2400016784668,20.244361877441406,27.350000381469727,16.842517852783203,18.63973426818848,22.789522171020508,5.394326686859131,90.0,112.0,91.38999938964844,3946.429,898.494
2021-05-17,10.541556358337402,32.81999969482422,20.117530822753903,27.34000015258789,16.911951065063477,18.83930206298828,22.93592071533203,5.496106624603272,88.70999908447266,110.47000122070312,90.1500015258789,3969.271,897.532
2021-05-18,10.51186180114746,31.989999771118164,19.89313316345215,27.399999618530277,16.872276306152344,18.929107666015625,22.711441040039062,5.579380989074707,88.6500015258789,111.0,89.91999816894531,3907.368,898.149
2021-05-19,10.630640029907228,31.799999237060547,20.058990478515625,27.100000381469727,17.40790367126465,18.709583282470703,22.770000457763672,5.579380989074707,87.80000305175781,110.79000091552734,89.0199966430664,3940.01,897.98
2021-05-20,10.670232772827148,32.02000045776367,20.0980167388916,26.729999542236328,17.477338790893555,18.58983993530273,23.06279945373535,5.653402328491211,87.48999786376953,110.4000015258789,89.69000244140625,4082.728,897.681
2021-05-21,10.729621887207031,31.6299991607666,19.961427688598636,26.65999984741211,17.298795700073242,18.819345474243164,23.072559356689453,5.625644207000732,86.5,110.5199966430664,89.19999694824219,3963.385,898.689
2021-05-24,10.749417304992676,32.0,20.15655517578125,27.65999984741211,17.903854370117188,19.56772994995117,23.023759841918945,5.727424144744873,86.36000061035156,110.0199966430664,88.8499984741211,3909.844,899.303
2021-05-25,10.68834114074707,32.09000015258789,20.14679908752441,27.729999542236328,18.22126579284668,19.95688819885254,22.80904197692871,5.74592924118042,86.19999694824219,111.56999969482422,89.19000244140625,3907.732,898.487
2021-05-26,10.78749179840088,32.79999923706055,20.00045394897461,27.5,18.052642822265625,19.87705993652344,22.69192123413086,5.764434814453125,84.0999984741211,111.9000015258789,88.80999755859375,3948.648,900.009
2021-05-27,10.648680686950684,33.900001525878906,20.068748474121094,27.600000381469727,18.0030460357666,20.05667304992676,22.85784149169922,5.8477091789245605,84.81999969482422,110.41999816894533,89.70999908447266,3928.122,901.14
2021-05-28,10.82586669921875,34.68000030517578,19.805326461791992,27.15999984741211,18.518835067749023,20.1464786529541,22.82855987548828,5.986499309539795,86.0,112.37999725341795,90.0,3977.573,902.269
2021-05-31,10.786140441894531,34.70000076293945,19.658981323242188,27.40999984741211,18.68745994567871,20.64540100097656,22.838319778442383,5.903225421905518,87.2300033569336,112.41999816894533,91.08999633789062,3932.093,902.489
2021-06-01,11.214004516601562,34.959999084472656,19.707765579223636,27.71999931335449,18.38988876342773,20.755163192749023,23.51175880432129,5.893972396850586,85.41000366210938,111.29000091552734,90.01000213623047,3954.737,901.417
2021-06-02,11.582165718078612,33.709999084472656,20.039480209350582,27.93000030517578,18.776731491088867,20.884883880615234,23.52151870727539,6.014257907867432,85.5,111.37000274658205,90.0,3974.74,900.61
2021-06-04,11.840872764587402,33.72999954223633,19.79557228088379,28.149999618530277,18.627944946289062,21.144323348999023,23.609357833862305,5.949488639831543,86.27999877929688,111.8000030517578,90.4499969482422,3986.47,901.219
2021-06-07,11.99012851715088,33.81999969482422,19.932159423828125,28.09000015258789,18.746973037719727,21.363847732543945,24.01927757263184,5.893972396850586,86.69999694824219,112.25,90.79000091552734,4019.735,902.212
2021-06-08,11.8806734085083,33.58000183105469,19.824840545654297,27.899999618530277,18.598188400268555,21.264062881469727,23.726476669311523,5.810698509216309,85.9000015258789,112.11000061035156,90.0999984741211,4025.957,901.795
2021-06-09,11.920475959777832,33.900001525878906,19.815082550048828,27.5,18.449403762817383,21.10440826416016,23.69719886779785,5.708918571472168,85.1500015258789,112.16000366210938,90.75,4015.321,901.636
2021-06-10,11.860774040222168,34.45000076293945,19.902891159057617,27.530000686645508,18.469242095947266,21.333911895751957,24.10711669921875,5.764434814453125,84.55000305175781,111.0500030517578,90.94000244140624,4015.923,901.096
2021-06-11,11.671717643737791,33.869998931884766,19.94191551208496,27.25,18.290699005126957,20.85494804382324,23.9802360534668,5.78294038772583,84.36000061035156,111.5500030517578,91.0,3953.454,899.804
2021-06-14,11.731419563293455,33.70000076293945,20.712665557861328,27.280000686645508,18.33037376403809,20.55559539794922,24.321836471557617,5.921730995178223,82.9000015258789,111.4000015258789,90.8000030517578,3989.251,899.656
2021-06-15,11.761270523071287,35.33000183105469,20.68339729309082,27.3799991607666,17.96337127685547,20.83498954772949,24.487754821777344,5.884720325469971,81.51000213623047,111.94000244140624,90.31999969482422,3949.173,899.76
2021-06-16,11.870723724365234,36.470001220703125,20.400463104248047,27.200000762939453,17.933612823486328,20.825014114379883,24.42919540405273,5.764434814453125,82.1500015258789,111.9499969482422,90.4000015258789,3976.645,899.49
2021-06-17,11.761270523071287,36.18999862670898,20.26387405395508,26.6299991607666,17.874099731445312,20.16643524169922,24.53655433654785,5.773687362670898,82.01000213623047,111.62000274658205,90.5999984741211,3947.068,899.597
2021-06-18,11.651817321777344,36.0,20.49802589416504,27.0,17.79474639892578,20.316112518310547,24.75127410888672,5.736676692962647,82.69999694824219,111.6999969482422,90.69000244140624,3923.221,898.584
2021-06-21,11.681668281555176,36.02999877929688,20.449243545532227,27.1299991607666,17.64596176147461,20.286176681518555,24.85863304138184,5.801445484161377,81.69999694824219,111.5,91.48999786376952,3899.999,897.828
2021-06-22,11.771221160888672,35.95000076293945,20.429733276367188,26.790000915527344,17.517013549804688,20.39594078063965,24.92695426940918,5.755181789398193,81.2300033569336,111.4499969482422,90.4000015258789,3868.498,899.674
2021-06-23,11.66176700592041,35.52000045776367,20.33216857910156,26.920000076293945,17.298795700073242,20.815034866333008,24.10711669921875,5.718171119689941,80.48999786376953,111.3000030517578,90.2699966430664,3898.568,898.055
2021-06-24,11.70156955718994,35.9900016784668,20.556564331054688,26.799999237060547,17.556690216064453,21.20419311523437,23.81431770324707,5.708918571472168,80.0,111.4000015258789,90.97000122070312,3923.485,897.802
2021-06-25,11.422959327697754,34.599998474121094,20.57607650756836,26.299999237060547,17.626123428344727,21.303977966308597,23.34583854675293,5.653402328491211,77.0,107.9000015258789,88.69999694824219,3934.959,898.531
2021-06-28,11.303556442260742,35.040000915527344,20.23460578918457,26.459999084472656,17.764989852905273,21.463632583618164,23.52151870727539,5.597886562347412,75.69999694824219,106.0,87.9000015258789,3930.146,899.75
2021-06-29,11.243854522705078,35.41999816894531,19.883377075195312,26.61000061035156,17.556690216064453,21.49356842041016,23.1701602935791,5.477601051330566,82.81999969482422,109.58999633789062,88.26000213623047,3971.225,901.458
2021-06-30,11.094599723815918,34.65999984741211,20.26387405395508,26.3799991607666,17.22936248779297,21.343891143798828,22.545522689819336,5.48685359954834,79.9000015258789,109.5999984741211,89.4000015258789,3966.376,902.428
2021-07-01,11.114500045776367,34.22999954223633,20.09000015258789,26.38999938964844,17.22936248779297,20.65538024902344,22.672401428222656,5.48685359954834,79.98999786376953,107.37000274658205,87.51000213623047,3964.269,901.558
2021-07-02,11.174201011657717,34.11000061035156,20.280000686645508,26.46999931335449,17.469999313354492,20.844968795776367,22.59432029724121,5.523864269256592,80.97000122070312,105.5,89.58999633789062,3978.571,901.183
2021-07-05,11.024947166442873,33.599998474121094,20.13999938964844,26.850000381469727,17.459999084472656,20.33606719970703,22.360082626342773,5.625644207000732,79.62999725341797,105.91999816894533,88.76000213623047,4156.984,902.026
2021-07-06,10.985146522521973,33.13999938964844,19.82999992370605,26.399999618530277,17.34000015258789,19.87705993652344,22.057523727416992,5.597886562347412,80.0,105.9499969482422,88.5999984741211,3925.758,900.927
2021-07-08,11.114500045776367,32.369998931884766,19.790000915527344,26.030000686645508,17.290000915527344,19.318267822265625,22.057523727416992,5.505358695983887,79.5,106.87999725341795,85.16000366210938,3961.955,900.318
2021-07-13,11.283656120300291,33.7400016784668,20.46999931335449,26.11000061035156,17.459999084472656,19.447986602783203,22.252721786499023,5.542369842529297,83.87000274658203,110.88999938964844,87.41000366210938,3928.874,900.205
2021-07-14,11.303556442260742,33.880001068115234,20.57999992370605,26.600000381469727,17.6200008392334,19.18854713439941,22.545522689819336,5.542369842529297,84.44000244140625,111.04000091552734,87.38999938964844,3964.469,900.09
2021-07-15,11.214004516601562,32.93000030517578,20.09000015258789,26.200000762939453,17.809999465942383,19.218482971191406,22.16488265991211,5.505358695983887,84.44999694824219,111.86000061035156,87.44000244140625,3940.904,901.105
2021-07-16,11.054798126220703,32.220001220703125,20.399999618530277,26.1299991607666,17.649999618530273,19.38811683654785,21.959924697875977,5.579380989074707,84.33999633789062,112.0,87.98999786376953,3990.25,901.288
2021-07-19,10.965246200561523,31.940000534057617,20.1200008392334,25.799999237060547,17.579999923706055,19.138656616210938,21.598804473876957,5.570127964019775,83.51000213623047,112.4000015258789,88.44999694824219,3982.68,901.648
2021-07-20,11.094599723815918,32.27000045776367,20.059999465942383,25.68000030517578,17.860000610351562,19.20850372314453,21.647605895996094,5.560875415802002,83.8499984741211,111.9800033569336,87.9000015258789,4002.446,902.954
2021-07-21,11.164252281188965,32.029998779296875,19.75,25.5,18.100000381469727,19.467945098876957,21.61832427978516,5.5886335372924805,84.5,112.08000183105467,87.2699966430664,3986.652,904.614
2021-07-22,11.034897804260254,31.71999931335449,19.920000076293945,25.5,18.100000381469727,19.40807342529297,21.33528709411621,5.6441497802734375,83.94999694824219,111.9800033569336,87.43000030517578,3949.398,904.968
2021-07-26,11.12445068359375,31.709999084472656,19.6200008392334,25.020000457763672,17.829999923706055,19.946908950805664,21.413366317749023,5.579380989074707,80.52999877929688,111.0500030517578,86.5,3969.506,901.688
2021-07-28,11.492612838745115,31.11000061035156,19.86000061035156,24.940000534057617,17.649999618530273,19.727384567260746,21.208406448364254,5.708918571472168,79.5999984741211,111.73999786376952,86.12999725341797,3987.039,899.974
2021-07-29,11.38315773010254,30.790000915527344,19.600000381469727,24.799999237060547,17.549999237060547,19.687469482421875,21.11080551147461,5.74592924118042,80.05999755859375,111.73999786376952,86.19999694824219,3952.487,899.648
2021-07-30,11.114500045776367,30.09000015258789,19.520000457763672,24.450000762939453,17.3799991607666,19.15861320495605,20.85704803466797,5.662654876708984,81.5999984741211,112.9800033569336,86.7300033569336,3918.447,900.936
2021-08-02,11.333407402038574,30.690000534057617,19.420000076293945,25.190000534057617,17.40999984741211,18.76945304870605,20.495929718017575,5.875467300415039,80.54000091552734,110.02999877929688,85.69999694824219,3937.61,899.004
2021-08-03,11.472711563110352,29.799999237060547,19.459999084472656,25.01000022888184,17.34000015258789,19.008935928344727,21.179126739501957,5.829204082489014,80.08000183105469,109.66000366210938,85.19000244140625,3938.237,898.232
2021-08-04,11.214004516601562,29.030000686645508,19.31999969482422,25.11000061035156,16.950000762939453,18.75947380065918,20.954647064208984,5.866214752197266,80.0,109.5999984741211,85.27999877929688,3973.919,897.92
2021-08-05,11.243854522705078,28.979999542236328,18.899999618530277,25.1200008392334,16.770000457763672,18.120853424072266,20.720407485961918,5.903225421905518,80.0,109.4499969482422,84.30999755859375,3849.903,898.405
2021-08-06,11.452811241149902,29.149999618530277,18.90999984741211,25.049999237060547,16.690000534057617,18.23061752319336,20.788726806640625,6.060521602630615,79.80000305175781,109.0999984741211,84.33000183105469,3895.323,895.619
2021-08-09,11.5025634765625,29.06999969482422,19.01000022888184,25.06999969482422,16.739999771118164,18.21066093444824,21.16936683654785,6.1808061599731445,77.5999984741211,109.11000061035156,83.86000061035156,4072.517,895.884
2021-08-10,11.413009643554688,28.5,18.940000534057617,24.850000381469727,16.40999984741211,18.160768508911133,20.98392677307129,6.069774150848389,77.05000305175781,108.7300033569336,82.79000091552734,4067.753,895.478
2021-08-11,11.582165718078612,28.229999542236328,18.88999938964844,24.850000381469727,16.559999465942383,18.29048728942871,21.179126739501957,6.190059185028076,76.4000015258789,106.5500030517578,81.77999877929688,4099.416,897.084
2021-08-12,11.38315773010254,29.020000457763672,18.71999931335449,24.729999542236328,16.450000762939453,18.110876083374023,20.899999618530277,5.958741664886475,75.0,105.91999816894533,80.94000244140625,4082.705,897.125
2021-08-13,11.452811241149902,29.68000030517578,19.34000015258789,24.61000061035156,16.649999618530273,18.011091232299805,20.6200008392334,5.903225421905518,77.7699966430664,107.1999969482422,81.0,4052.544,895.946
2021-08-16,11.35032844543457,29.0,19.299999237060547,24.59000015258789,16.459999084472656,17.462276458740234,20.09000015258789,5.958741664886475,77.5,107.88999938964844,80.0,3926.801,895.772
2021-08-17,11.200589179992676,28.399999618530277,18.950000762939453,25.0,16.15999984741211,17.172901153564453,19.81999969482422,5.903225421905518,75.01000213623047,107.63999938964844,79.98999786376953,3940.995,895.491
2021-08-18,11.230536460876465,28.200000762939453,19.01000022888184,24.530000686645508,16.260000228881836,17.123010635375977,19.68000030517578,5.967994213104248,75.01000213623047,107.36000061035156,79.52999877929688,3896.188,895.322
2021-08-19,11.140691757202148,28.5,19.59000015258789,24.649999618530277,16.610000610351562,18.13083267211914,19.75,6.143795490264893,74.08999633789062,107.4000015258789,78.76000213623047,3910.241,894.609
2021-08-20,11.16065788269043,29.649999618530277,20.530000686645508,24.979999542236328,17.040000915527344,18.47010040283203,19.86000061035156,6.208564758300781,74.0,107.33999633789062,79.18000030517578,3910.977,894.992
2021-08-23,11.210570335388184,29.31999969482422,20.06999969482422,24.729999542236328,16.799999237060547,17.860000610351562,19.5,6.143795490264893,74.37000274658203,107.9000015258789,82.0,3917.049,895.92
2021-08-24,11.450156211853027,30.26000022888184,20.049999237060547,25.15999984741211,16.889999389648438,17.979999542236328,19.959999084472656,6.19931173324585,76.30000305175781,107.51000213623048,81.22000122070312,3952.695,895.432
2021-08-25,11.470121383666992,30.0,19.86000061035156,25.270000457763672,17.0,18.07999992370605,20.190000534057617,6.217817306518555,75.4800033569336,108.0,80.0199966430664,3991.448,896.14
2021-08-26,11.180623054504396,29.280000686645508,19.950000762939453,25.09000015258789,16.969999313354492,17.780000686645508,19.6200008392334,6.014257907867432,75.30999755859375,107.75,79.12999725341797,3986.692,896.414
2021-08-27,11.380276679992676,29.57999992370605,19.75,25.059999465942383,16.860000610351562,17.559999465942383,19.729999542236328,6.088279247283936,75.94000244140625,107.8000030517578,81.0,4003.804,896.472
2021-08-30,11.3004150390625,29.6200008392334,19.51000022888184,25.40999984741211,16.84000015258789,17.350000381469727,19.290000915527344,6.07902717590332,78.05000305175781,108.0,81.52999877929688,4001.766,896.962
2021-08-31,11.540000915527344,29.200000762939453,19.3799991607666,25.32999992370605,16.6200008392334,17.040000915527344,19.059999465942383,6.328849792480469,79.86000061035156,108.04000091552734,80.98999786376953,3967.094,897.881
2021-09-01,11.65999984741211,28.56999969482422,19.270000457763672,25.31999969482422,16.90999984741211,17.200000762939453,19.34000015258789,6.569419860839844,76.69000244140625,107.44000244140624,81.56999969482422,3994.972,897.19
2021-09-02,11.270000457763672,27.68000030517578,18.989999771118164,24.739999771118164,16.549999237060547,16.700000762939453,18.690000534057617,6.458387851715088,75.8499984741211,107.4000015258789,81.55999755859375,3965.821,897.039
2021-09-03,11.25,27.899999618530277,18.989999771118164,25.09000015258789,16.229999542236328,16.559999465942383,19.18000030517578,6.282586097717285,75.7699966430664,107.8499984741211,81.01000213623047,3953.067,895.722
2021-09-06,11.460000038146973,28.8799991607666,18.959999084472656,25.40999984741211,16.190000534057617,17.100000381469727,19.270000457763672,6.5971784591674805,75.69999694824219,107.93000030517578,80.13999938964844,3959.168,896.003
2021-09-08,10.920000076293944,27.799999237060547,18.309999465942383,24.5,15.729999542236328,16.290000915527344,18.399999618530277,6.291839122772217,76.5,107.0199966430664,80.19999694824219,3930.431,895.967
2021-09-09,11.140000343322754,28.90999984741211,18.68000030517578,25.280000686645508,16.020000457763672,16.459999084472656,18.81999969482422,6.532409191131592,77.12000274658203,107.76000213623048,80.30000305175781,3944.512,895.093
2021-09-10,10.979999542236328,28.63999938964844,18.63999938964844,25.25,15.890000343322754,16.690000534057617,19.059999465942383,6.523156642913818,77.0,107.47000122070312,80.54000091552734,3988.142,891.833
2021-09-13,11.130000114440918,29.57999992370605,19.3700008392334,25.420000076293945,16.280000686645508,16.899999618530273,19.56999969482422,6.5971784591674805,75.61000061035156,107.88999938964844,81.37999725341797,3990.515,892.023
2021-09-14,11.0600004196167,29.65999984741211,19.11000061035156,25.559999465942383,16.350000381469727,16.799999237060547,19.6200008392334,6.5971784591674805,75.61000061035156,107.81999969482422,81.5999984741211,3998.309,892.42
2021-09-15,11.0600004196167,28.459999084472656,18.82999992370605,25.149999618530277,16.270000457763672,16.18000030517578,19.21999931335449,6.421376705169678,73.58999633789062,108.8000030517578,81.5999984741211,3997.975,895.817
2021-09-16,11.119999885559082,28.1200008392334,18.81999969482422,25.1200008392334,15.75,16.06999969482422,19.399999618530277,6.356607913970947,73.87999725341797,108.5,81.51000213623047,3995.996,895.069
2021-09-17,10.880000114440918,28.1299991607666,18.459999084472656,25.059999465942383,15.90999984741211,16.479999542236328,19.32999992370605,6.134542942047119,75.0999984741211,108.3000030517578,81.25,3988.619,895.152
2021-09-20,10.6899995803833,27.51000022888184,18.450000762939453,24.799999237060547,15.899999618530272,15.539999961853027,18.90999984741211,6.421376705169678,73.80000305175781,106.1999969482422,80.37999725341797,3989.35,894.62
2021-09-21,10.640000343322754,27.030000686645508,18.799999237060547,25.06999969482422,16.010000228881836,16.110000610351562,19.21999931335449,6.430629253387451,73.44000244140625,106.81999969482422,80.01000213623047,4003.591,895.834
2021-09-22,10.850000381469728,27.8799991607666,19.239999771118164,25.65999984741211,15.84000015258789,16.110000610351562,19.3799991607666,6.615683555603027,74.0999984741211,107.1999969482422,80.5,3998.907,897.456
2021-09-23,11.130000114440918,27.670000076293945,19.350000381469727,25.71999931335449,15.850000381469728,16.200000762939453,19.51000022888184,6.680452346801758,75.19999694824219,107.68000030517578,80.31999969482422,3975.427,897.845
2021-09-24,10.970000267028809,27.290000915527344,19.76000022888184,25.1200008392334,15.869999885559082,15.949999809265137,19.959999084472656,6.643441677093506,76.4000015258789,108.4000015258789,80.31999969482422,3973.487,897.214
2021-09-27,11.25,27.38999938964844,19.809999465942383,25.239999771118164,15.720000267028809,15.729999542236328,20.25,6.671199798583984,76.06999969482422,108.72000122070312,80.0999984741211,3966.208,896.488
2021-09-28,11.029999732971191,26.149999618530277,19.489999771118164,24.559999465942383,15.300000190734863,15.300000190734863,20.21999931335449,6.587925434112549,74.98999786376953,108.73999786376952,79.75,3964.287,896.072
2021-09-29,11.239999771118164,25.649999618530277,19.65999984741211,24.559999465942383,15.390000343322754,15.31999969482422,20.32999992370605,6.763726711273193,74.30000305175781,108.4000015258789,79.5999984741211,3962.365,895.46
2021-09-30,11.140000343322754,25.479999542236328,19.15999984741211,24.309999465942383,15.3100004196167,14.789999961853027,19.950000762939453,6.735969066619873,74.26000213623047,109.0,79.98999786376953,3949.835,895.456
2021-10-01,11.420000076293944,26.07999992370605,18.940000534057617,23.63999938964844,15.300000190734863,15.0,20.38999938964844,6.800000190734863,75.19999694824219,108.1999969482422,79.41999816894531,3966.518,896.153
2021-10-04,11.15999984741211,24.96999931335449,18.68000030517578,23.86000061035156,15.09000015258789,14.4399995803833,19.84000015258789,6.639999866485596,75.9000015258789,108.25,79.18000030517578,3967.26,896.25
2021-10-05,11.329999923706056,24.75,18.600000381469727,23.649999618530277,14.869999885559082,14.09000015258789,19.979999542236328,6.550000190734863,76.0,108.0999984741211,78.98999786376953,3968.006,896.846
2021-10-06,11.369999885559082,24.59000015258789,18.530000686645508,23.56999969482422,14.609999656677246,13.800000190734863,19.76000022888184,6.559999942779541,75.98999786376953,108.58999633789062,78.36000061035156,3968.748,896.844
2021-10-07,11.149999618530272,24.670000076293945,18.709999084472656,23.68000030517578,15.0,13.960000038146973,19.739999771118164,6.510000228881836,74.33000183105469,108.0,78.80000305175781,3969.494,898.133
2021-10-08,11.31999969482422,25.350000381469727,19.1200008392334,24.399999618530277,15.520000457763672,14.59000015258789,20.059999465942383,6.650000095367432,73.18000030517578,108.6999969482422,79.69999694824219,3970.237,899.727
2021-10-11,11.149999618530272,25.13999938964844,19.34000015258789,24.31999969482422,15.619999885559082,13.989999771118164,20.420000076293945,6.480000019073486,74.0199966430664,108.68000030517578,79.58999633789062,4010.432,899.969
2021-10-13,11.170000076293944,26.190000534057617,19.799999237060547,25.0,15.850000381469728,14.029999732971191,20.959999084472656,6.550000190734863,74.58999633789062,109.18000030517578,79.87000274658203,4013.389,900.005
2021-10-15,11.25,26.559999465942383,19.8700008392334,25.049999237060547,15.859999656677246,14.399999618530272,21.68000030517578,6.619999885559082,75.41999816894531,109.98999786376952,80.0,4019.305,899.22
2021-10-18,11.329999923706056,26.34000015258789,20.1200008392334,25.459999084472656,15.93000030517578,14.260000228881836,21.68000030517578,6.760000228881836,75.33000183105469,109.9800033569336,80.80000305175781,4020.06,898.24
2021-10-19,10.90999984741211,25.479999542236328,19.649999618530277,24.63999938964844,15.399999618530272,13.720000267028809,21.26000022888184,6.639999866485596,75.91000366210938,109.5,80.41000366210938,3939.856,895.647
2021-10-20,11.140000343322754,26.26000022888184,19.59000015258789,24.959999084472656,15.640000343322754,13.3100004196167,21.40999984741211,6.659999847412109,76.48999786376953,110.0,80.19999694824219,3925.549,893.557
2021-10-21,10.84000015258789,25.540000915527344,19.040000915527344,24.040000915527344,15.09000015258789,12.449999809265137,21.5,6.369999885559082,75.75,107.98999786376952,79.04000091552734,3906.683,893.491
2021-10-22,10.529999732971191,25.6200008392334,18.809999465942383,23.809999465942383,14.779999732971191,11.979999542236328,21.670000076293945,6.179999828338623,75.13999938964844,107.98999786376952,77.83000183105469,3900.797,884.164
2021-10-25,10.670000076293944,25.93000030517578,18.709999084472656,24.049999237060547,15.489999771118164,13.380000114440918,22.440000534057617,6.199999809265137,74.44000244140625,107.98999786376952,78.56999969482422,3877.443,883.217
2021-10-26,10.470000267028809,25.479999542236328,18.440000534057617,24.049999237060547,15.489999771118164,12.5600004196167,22.170000076293945,6.070000171661377,73.68000030517578,106.83000183105467,78.43000030517578,3852.854,880.471
2021-10-27,10.520000457763672,26.459999084472656,18.90999984741211,24.200000762939453,15.739999771118164,13.489999771118164,22.5,6.119999885559082,73.0999984741211,106.88999938964844,78.30000305175781,3848.624,880.971
